year,month,revenue,quantity,unit_price,discount,item_number,customer_id,document_id,index,revenue_skew,quantity_skew,unit_price_skew,discount_skew,revenue_entropy,quantity_entropy,unit_price_entropy,discount_entropy,customer_id_entropy,item_number_entropy,document_id_entropy,high_priced,high_quantity,recurrent_purchase,one_time_purchase,chance_recurrent,high_lift
2012,2,441123.4494600000,35090.00000,17.60891802512495,4.473360799675807,1544,909,1206,1,36.22199168877758,46.75150221156258,6.778851907988157,44.37227333590562,7.719694904123973,2.7742583653136745,6.677863265473702,0.26229623321688905,8.676635659180082,9.837349018545286,9.29617234467738,217,296,80,1591,0.3872119819377619,232
2012,3,493745.0315000000,44866.00000,17.26357438567751,88.72538846711912,1592,1060,1536,2,43.994432580558964,24.219219317943907,6.384433778236118,6.496010033375054,7.7553307248336,2.7331557346505093,6.698622033785447,1.4116845682659385,8.6700961785352,9.791611137421425,9.616349956056952,284,449,114,1736,0.4336823026309658,183
2012,4,560607.7614000000,46476.00000,17.519038663643638,117.55183757668712,1506,850,1203,3,23.818020321869167,23.95689700681505,7.630199536630531,3.849517694136841,8.128346798960036,3.2639240101835436,6.835407475382588,2.2386124610299034,7.964442841500711,9.767794485751393,9.024202014355986,244,492,123,1377,0.4014891761192222,222
2012,5,802010.1320000000,60882.00000,19.810776085166452,35.550664587695564,1597,999,1556,4,65.64069656057302,55.591563560016105,21.17383520381187,4.285040806401807,8.252974735283644,3.1598208006845407,6.914653636346808,2.0412907964996103,8.562528944144352,9.801479877553861,9.470304412783959,318,594,132,1689,0.38490679990677307,274
2012,6,675970.1535000000,62125.00000,13.83341330689579,0.8750726977307778,1523,977,1525,5,69.38052510377295,26.936636235734774,11.492020007131423,29.07810145705474,7.248944068575619,2.858481935141153,6.2065253727656255,0.2579212020941811,8.815260815349225,9.692116853843089,9.690051948558526,208,550,125,3088,0.3555235908324582,181
2012,7,489309.2285000000,40860.00000,17.71302619363395,4.561511936339523,1562,1021,1487,6,28.947306920973336,14.5282430978011,8.210406063672938,48.931844693130266,7.416471464410181,2.6406802698511624,6.5993271370175774,0.17382831915571478,8.958343325611535,9.957470079837472,9.729396864902458,221,423,92,2373,0.3396353230643942,180
2012,8,648327.0750000000,53769.00000,17.139222526693754,1.9944354152886705,1658,1483,2165,7,19.362699846069827,27.31045235420897,8.92491201696292,25.10619028381133,7.622248222955966,2.541859744864583,6.59163863984054,0.17747171372033943,9.512676772972487,9.933994302412996,10.28571853462902,277,459,96,3359,0.33415518916332615,299
2012,9,457804.8195000000,47347.00000,16.809178174904943,4.596755892015209,1359,886,1244,8,29.14928307782503,54.394931068544665,7.9838726306599614,20.85373816106675,7.702723833236034,2.6447692078662586,6.529785940794964,0.2150048680293521,8.698133926905099,9.602553040883205,9.379789528201186,206,327,75,1727,0.3551499653965305,278
2012,10,641695.4865000000,56522.00000,18.72341481847719,1.0501991806752367,1398,870,1278,9,38.18822230993665,71.75377545318909,7.93284019609919,39.37356634351746,7.912691178317744,2.9365885334520674,6.759992526127947,0.16395779799859705,8.442757801920134,9.627043217808595,9.389740855044455,278,425,70,1830,0.38455678415965616,247
2012,11,287405.3930000000,29663.00000,16.279344875643226,2.471301457975986,1199,629,967,10,16.738622434230415,25.372610984392335,8.80394684403826,21.70014862324939,7.723948008962299,2.8359343134004256,6.602046014499857,0.9328371343531374,8.048402232445767,9.534024509902869,9.070510096139794,149,318,63,1192,0.3625467394598902,156
2012,12,281458.6250000000,34593.00000,14.777174489023466,4.198228614685844,1011,367,486,11,45.71973210283052,50.4017570837015,4.908061907210297,18.85836701614138,7.678561039900205,2.897486307505526,6.575940578960017,0.6315841679970088,7.34237287506393,9.471198322698879,7.950166573334852,70,192,29,620,0.3739487377285486,98
2013,1,360797.4180000000,35419.00000,16.071152059740687,8.125458567208272,1482,726,1018,12,16.272028270336563,22.216967053413093,8.534600260402428,5.685329837100343,7.556987361407305,2.848264147442776,6.700789069972021,1.2887258730647302,8.496027017841794,9.736453739780643,9.156582998843227,160,321,54,1442,0.36271839160897984,188
2013,2,504726.1015000000,42919.00000,15.884787874465049,117.14252465049928,1564,872,1225,13,30.57815180986119,21.826769601768785,6.205862800318744,6.648555800529354,7.397396265628597,2.9413070779966257,6.648483306203693,1.9610445815553261,8.724516068305354,9.87288558915169,9.362795070770147,146,408,53,1756,0.3664809241667201,164
2013,3,528026.4765000000,54525.00000,16.263912845183057,12.94836043858553,1659,979,1396,14,23.771520905759967,23.610864948798596,5.9612099492410255,12.24881903842452,7.329723681657372,2.789745952981286,6.711154801541536,1.7232264698872386,8.84915320734411,9.908407715138177,9.581897082402424,207,462,71,1956,0.36648528245929857,225
2013,4,508686.9365000000,51030.00000,16.78647642658688,7.0669747627698225,1865,1114,1605,15,26.33554570891528,62.30947016468459,8.402317770857394,12.48694296182432,7.406551657662436,2.646171757976023,6.624505994081829,0.9316484739629176,9.184872093186105,10.16417775321826,9.879250192094096,230,492,72,2894,0.36149738218203736,198
2013,5,623736.4494000000,58804.00000,18.498055544778534,2.9559359834033843,1827,1014,1685,16,17.75834864844826,18.91247479189152,9.674964977833156,25.35250558998195,7.572901796731034,2.9619215568068613,6.703532427462594,0.6737004715900159,9.024672061909778,9.99325520927578,9.95844804193498,272,603,70,2495,0.34287644353416097,392
2013,6,961479.8050000000,113056.00000,17.223306482155863,0.7839446467589221,1659,787,1248,17,50.788409308076325,78.05896773641645,8.957326458101903,20.707776735757108,7.73876607239359,3.1514467755260376,6.764407609151136,0.2487137535178251,8.614109036959213,10.007093339653126,9.47505224085709,195,562,89,1780,0.3822437155224187,204
2013,7,1099802.9575000000,85312.00000,17.04774560677155,6.265535007820407,1813,1219,1861,18,46.61550804908926,75.37531814973592,88.3049108404693,44.26114050416338,7.71698977095291,2.947846128863765,6.748199389892388,0.1491148913742267,8.93188862025032,10.04517989063634,9.95977779639504,235,600,112,2587,0.36084524438860044,194
2013,8,634766.0805000000,61441.00000,18.22088435022406,1.1822492063081695,1895,1461,2240,19,13.042403499024877,30.28860387397901,8.87347480116452,17.34161111906718,7.683838803972229,2.7997003162056977,6.833021006224214,0.12210678043034817,9.445838210189919,10.175812662329045,10.305192818193396,328,583,126,3236,0.3331468800306424,221
2013,9,655598.0245000000,74900.00000,20.35005630306989,2.6057335022860877,1594,1161,1710,20,70.52355028493493,77.60507885204444,9.129977820907039,34.17573135937248,7.903762269812882,2.95892419367277,6.832266687631752,0.4124532575541196,9.095288953010623,9.76439874404334,9.889826696045299,287,525,62,1764,0.3985334400197118,206
2013,10,546612.6225000000,61780.00000,18.823109407948095,0.7420713657745336,1332,860,1276,21,62.386344312836044,70.37493505641615,6.407708466683949,15.71933792394733,8.074983005849603,3.318631785042438,6.852521649379725,0.12674493095354747,8.150861229123885,9.518258250714766,9.325589987455604,231,544,68,1201,0.44335318793422407,300
2013,11,379716.2065000000,36464.00000,20.432240401076058,1.2165590584494985,1115,672,1042,22,34.8478446543494,28.955211684737918,6.0468309360145565,12.588102161978819,8.112200385306204,3.264468369900892,6.845152853353151,0.1989328728781549,7.868004372906019,9.296896811720137,9.080566192814747,181,348,43,811,0.37753885417435046,217
2013,12,225624.3665000000,22457.00000,14.227246122026887,5.0040226577042395,1047,397,554,23,29.394053268287443,27.227067599234424,6.795298593476228,5.1746378625331,7.601322299476073,2.9330179179594795,6.542280895245215,1.1874855562780464,7.502164495505319,9.521138235768753,8.210153795813808,69,206,23,690,0.39619652479289336,50
2014,1,421311.5430000000,38280.00000,17.944022379709065,13.790581760537114,1560,702,1007,24,16.91647830590999,19.477242654600797,8.221274782589559,16.1279942469403,7.8173723498290295,3.185090519914798,6.847245823994632,1.1087924565259903,8.357760846949168,9.880996269734243,9.192753984377294,161,452,43,1146,0.4143030074664901,185
2014,2,428469.8860000000,41437.00000,15.179095611285268,21.394288341692793,1567,732,1093,25,17.43683116979992,23.46288429674222,9.79750705562438,6.244993681346382,7.548445318029861,2.987764634979332,6.699538958064188,1.617998332947922,8.407364898562363,9.80204859431475,9.210787763080845,144,455,46,1545,0.4250659655195549,114
2014,3,603607.2885000000,52220.00000,16.52072156013001,60.505251584507036,1691,867,1264,26,29.163816308116832,26.969424999816663,7.853183437200699,5.574145319914009,7.711686819435252,2.956320692874636,6.664329916146963,2.232699649560891,8.606009989112891,9.732418725952845,9.32313944857132,216,530,56,1551,0.3996545347574634,183
2014,4,636256.1576000000,63243.00000,15.475654421491807,44.95841932838099,1791,981,1487,27,39.34692461331058,20.64963085476181,8.588466665202276,3.5957355172266663,7.780758309391075,3.114513693210471,6.630573411398034,2.2141888007309083,8.685598265201099,9.762918107248785,9.592456816041274,248,679,67,2192,0.38348504258391436,173
2014,5,720617.4845000000,76415.00000,18.8541300234945,6.1368962285149005,1816,888,1360,28,27.730165310055103,62.40991811804053,6.064735901928777,6.3509994009932065,7.3699798670359105,2.8688182174930468,6.6771760675784275,0.7542499936245145,8.885789177486133,9.945755391234297,9.660609683832826,315,556,69,2250,0.3761097699004241,149
2014,6,664474.4795000000,60011.00000,18.6685337196468,0.7314941970198675,1757,1002,1579,29,42.88690443061023,64.67208901102588,6.017899409287865,20.47030434357021,7.310411373678313,2.926650560169007,6.75030545189024,0.24775117294760357,9.012141929749196,9.808065866782849,9.898917155253981,258,539,81,2013,0.3315982081003191,190
2014,7,980158.3130000000,129404.00000,18.50868789744625,7.354344402947412,1913,1280,2061,30,82.98390793779336,91.09422289850521,7.542499234071373,18.684952934775865,7.407439463322673,2.7684611839776254,6.725385607214316,0.14119610199140967,9.383246127572539,9.950452078902364,10.265145222901047,324,663,103,2919,0.380361012027621,205
2014,8,765046.6644000000,69084.00000,20.588128009880787,1.6963441091182472,1863,1291,1997,31,42.56626302495339,35.12008362422771,6.795647558216964,35.13983691984929,7.350137906987952,2.7694311883714033,6.6178529041460035,0.0769249315841791,9.390929700100068,9.894857395294894,10.25666589905555,391,565,163,2766,0.34542030273786456,161
2014,9,919892.2505000000,68289.00000,32.64797841076999,0.30489903135774094,1442,1012,1561,32,47.2207838448051,68.47095681982393,8.504682308585796,62.51582459080961,7.9355698068025236,3.234621506637833,6.916961924963222,0.09263985435315368,8.956205315891214,9.52187165911302,9.896004969645867,351,492,66,1385,0.33419289698446325,217
2014,10,867223.8805000000,67265.00000,23.241258372612254,0.49330439096998263,1598,1164,1831,33,17.854213023334392,29.304414585937096,6.2622393838783035,21.12810456957314,8.197602755519434,3.294720961509392,7.004343894227411,0.08512385722068218,8.772815030507788,9.591200010224178,9.884543035835879,476,680,136,1472,0.4060918191935865,252
2014,11,494557.0640000000,38542.00000,34.106960109289616,2.62041256284153,1162,603,821,34,27.748859128252366,31.614120838602926,5.86769265292931,13.431999901218418,8.37447407350613,3.4317623124333307,7.3099485154974735,0.1293192457299811,8.115680551553632,9.452040096242731,8.857950707861654,258,398,50,697,0.35078235988020384,124
2014,12,326032.5421000000,21116.00000,33.63232912685338,0.2996474464579901,1038,508,749,35,25.54973988549062,28.11838158883845,6.027642237736431,34.93993193912076,7.900503901123364,3.1933872810597395,6.9961250847348975,0.05587785737833293,7.693463027280682,9.352341043567694,8.583686147660703,185,221,28,485,0.41264816230689577,71
2015,1,394119.9555000000,30931.00000,25.13446384580292,1.1937499999999999,1428,784,1063,36,12.984606400102049,30.247659317046082,8.455742573911293,52.33588571012158,7.983049336807917,3.0698536421145945,6.91984262490916,0.22638073823830215,8.489142764252737,9.755318701647681,9.264419045837142,216,363,30,1036,0.35711765094942494,140
2015,2,455618.5236000000,40711.00000,19.57624334522245,12.549908015768725,1533,781,1041,37,59.980556832993294,16.994651914460476,5.266169701915677,5.283692505332253,7.950636527383617,3.161358501821903,6.856629994159763,1.2582237195927832,8.507716473617068,9.787074511766484,9.096174927136872,228,417,37,1061,0.34920650275486637,180
2015,3,667582.5400000000,50510.00000,20.186892617927892,30.185064711415137,1650,818,1128,38,26.80601436575528,16.83100372113366,9.775283385442487,29.288508858152248,8.11398318462929,3.175295487438609,6.992285825799211,1.810878237736746,8.49943985903166,9.780278144335874,9.1451015812756,239,565,45,1154,0.40100396349175926,190
2015,4,889456.0123000000,82312.00000,24.499734088824837,19.81905526660553,1773,932,1459,39,18.18996445394865,56.875059863357045,8.62314606624308,9.338246776160085,8.310852166807447,3.38927266240003,7.088698707248045,1.4003426493497393,8.694635659053151,9.957785507295121,9.590050944358183,364,742,77,1419,0.3676952703982281,140
2015,5,921535.3527000000,72981.00000,27.030648954189658,37.38016415244451,1758,891,1358,40,23.445374003950747,24.50183756695331,8.185563691420246,4.487826810173623,8.065793067321756,3.3031190376683237,7.0162752889556845,1.103840651232852,8.493956355771424,10.056091391702807,9.4828397464804,421,664,86,1572,0.358960719801088,161
2015,6,1274524.4047000000,126391.00000,32.72663152542373,2.766229199354318,1453,752,1251,41,43.418204824426105,61.92547761598036,6.208643796280591,13.460174640837332,8.492806391965798,3.8747170577241192,7.253984954996974,0.23346036899878894,7.923855174528079,9.6100068450817,9.185027554121191,426,742,81,840,0.44793114009623225,129
2015,7,978510.8895000000,83922.00000,26.453281033801144,4.257924491006127,1819,1250,1944,42,17.378192720870885,30.499284403268344,7.961261732789134,12.698169428986613,7.839168560152308,3.101806060972631,6.9417827282397875,0.25846645559081505,9.167938751908904,10.049763213635803,10.137893796095536,451,744,94,1987,0.3563388813780043,216
2015,8,1694325.4425000000,99475.00000,46.997671817860095,19.531878006370178,1514,1141,1806,43,19.06112127889948,21.60724128957729,73.2630341994085,7.325272867878528,8.411358428514967,3.696697096018882,6.89983197646118,0.48954112896971,8.92590346385672,9.389163319943211,9.99912176067244,653,942,59,1177,0.4012398984451462,139
2015,9,1479975.2445000000,87739.00000,46.898140861117774,40.20849593907411,1545,1276,2018,44,34.47253669693656,24.72760929468112,4.5452019700703845,9.231187288463982,8.37293459485262,3.5488346956617263,6.940357743697622,0.9221172675628058,8.999953884069502,9.508486657624278,10.182401529260314,712,786,82,1268,0.395638340250773,282
2015,10,863861.2325000000,65769.00000,30.275546068919372,19.970767780194045,1347,956,1503,45,20.904602323869828,44.73069217680919,7.769533728368885,26.423834397277183,8.523398784139268,3.512253591771623,7.0072359813691865,0.49060866406196535,8.75469133846174,9.406680169457713,9.73029294423212,350,599,37,960,0.38967147797128726,341
2015,11,460313.7235000000,53032.00000,25.69076445623342,5.431220159151194,1040,687,1026,46,55.55758476250153,56.83128683598709,44.822719738200504,10.491111627995402,8.384972186117299,3.4247384499691123,6.924545657718993,0.30256921341715803,7.899934634173213,9.077888571448831,8.984955088384105,251,335,20,500,0.40655731814811646,231
2015,12,309193.4685000000,28699.00000,27.137653727901615,14.524427332820906,952,521,704,47,10.033220387025187,23.491300831437908,7.484734933694966,9.446129596568818,8.453934916888235,3.4326678194989304,6.946607714479083,0.8646910932263546,7.917365543153751,9.115590204004846,8.732388565309884,159,318,16,411,0.371100527131656,124
2016,1,474193.9570000000,37547.00000,22.124910291552453,8.253715362571642,1317,711,939,48,47.03126850609923,20.007414646749872,9.13468204603925,6.257056737455524,8.538099002482433,3.1796106451704826,7.048748949082092,0.3394358134231713,8.373312750068218,9.718175562437548,9.075226168942775,167,426,31,731,0.3532767307714703,111
2016,2,412850.7720000000,41473.00000,19.292364427259546,15.935239246012568,898,355,459,49,30.09391218007229,44.53029272364546,9.89841036381715,5.1685246689661355,7.672019351748671,3.0771879737573578,6.541548082767324,0.9617348855103582,7.520814101535377,9.179398437765801,7.977236057045147,69,222,18,440,0.32664850923850736,82
2016,3,842049.7380000000,71214.00000,18.411063601492845,41.043369186191164,1758,1112,1642,50,52.87578142946287,29.040088445744964,10.355599978670117,9.828276060319624,8.0274191388267,2.9682473134271814,6.6016037756343975,1.5288378762219963,9.128458829179404,9.409349731038983,9.946942942186531,312,816,53,2353,0.33907699826633275,480
2016,4,1164651.2465000000,67859.00000,26.062062955441405,37.22571377374268,1649,912,1283,51,45.8108822846372,23.77922191330229,5.856522803829598,9.926972076995272,7.919694292563945,3.092179528733184,6.477045085190286,1.440837962226743,8.86464684869569,9.327172042638662,9.589042391388237,482,734,40,2065,0.3943340436128628,450
2016,5,951217.2510000000,68879.00000,27.792469089944284,3.747196869196073,1574,842,1315,52,12.459045488416669,22.1166596261663,5.388138029783963,13.494376822522705,7.899672865868908,3.138624435682813,6.471766573378973,0.30716561738833237,8.75350774394265,9.328064651156716,9.622730996172784,458,745,33,1918,0.3493814171427762,438
2016,6,1235683.6745000000,86544.00000,30.054384402369916,9.814567224368881,1587,809,1227,53,34.86191486597044,54.38274155682645,5.998788106140303,21.76589356818772,8.238622774020106,3.185806342348918,6.741916947509119,0.24967029748743047,8.657406253983527,9.425270012899993,9.503699502610376,522,723,58,1798,0.37215275214484816,448
2016,7,1069858.1360000000,83805.00000,36.73266444279713,22.01214850506548,1479,943,1557,54,11.023487294417048,13.83196893723264,4.258876149067908,7.025059853888635,8.011365978495583,2.9363711952854983,6.528604368832081,0.400628112992908,8.957824323694506,8.945960603818257,9.977678958916407,639,672,55,2021,0.37578951933669275,666
2016,8,1752594.4650000000,110344.00000,41.41459039247026,29.97474427011188,1638,1349,2273,55,15.388652652926678,41.47838030840574,3.971706637998599,7.688185447213852,8.67327738073602,3.237974816213296,6.840632499955901,0.2862117168939639,9.183759565833068,9.384566152083202,10.38514013624388,1110,1019,39,1946,0.3821715590580278,999
2016,9,1047868.7110000000,91678.00000,34.69427588025847,3.6777053936436768,1441,1041,1752,56,59.85750217214034,68.35748535022478,5.2659332827898355,21.55423729140603,8.858947557471625,3.2976083432357775,7.051813498962261,0.19387399526691382,8.824421920495636,9.41767282245088,9.973550206258501,611,768,54,1058,0.3750640689519186,713
2016,10,827408.1905000000,52534.00000,46.37764156369834,43.254100954409886,1044,632,1107,57,15.025420920577321,23.140676594040364,3.633033298382515,8.93290039198842,8.891640705550078,3.428939719286236,7.238593341400662,0.6325021266467284,7.519613122591984,8.92427874065093,9.180938304644823,481,470,26,545,0.40118988484473145,715
2016,11,359612.6949000000,33709.00000,23.481679805589305,3.893057108140948,1069,624,1112,58,12.616225096938136,15.531464117937137,6.406755704699709,7.000211117172179,8.498063272168903,3.227186652617324,7.003070881920871,0.216855264719053,7.5700127684814404,9.121344788256215,9.160058457666473,184,386,26,524,0.3817030171172158,312
2016,12,294819.3855000000,29613.00000,23.283738419986495,2.90312288993923,947,516,794,59,31.749519496814745,26.138330142523884,6.5949833790456625,9.01229786049293,8.602435082919065,3.429357168264408,7.1420759836490255,0.33552348534923915,7.777872796570317,9.20926709105515,8.686307285041929,144,335,10,404,0.35733238758202396,220
2017,1,642730.4155000000,39989.00000,36.841057125890735,30.675209026128268,1225,627,998,60,34.60419669431719,35.357734764503356,3.8587600037555116,6.338459860265569,8.09448286505587,2.920935961582141,6.84285597977159,0.6756366670101925,8.101469130170248,9.153218806225107,9.348583314301525,384,345,24,941,0.3818365692280841,308
2017,2,478117.3265000000,31325.00000,28.98824001331558,26.667727474478472,1122,505,1001,61,8.510892708252936,9.612996862790588,4.648764952127614,6.333433335704882,7.945542321411713,2.9609051908408404,6.663764204612244,1.2148615638642435,7.075689212693064,8.902195018712526,9.149931800158651,332,406,30,764,0.4912882884095282,263
2017,3,1208921.4500000000,81767.00000,30.71839846641988,53.721084056055,1413,837,1437,62,69.06748121728758,35.47501321537941,4.374463084026327,14.84184744899887,8.645523061096553,3.1718906954685355,7.0344140003709725,2.1814666498678332,8.034722195597988,9.25863979937979,9.543032704545789,550,666,39,1131,0.41390927787847054,424
2017,4,553218.1058000000,46264.00000,22.403754655737707,9.333396721311475,1393,641,1124,63,14.468399949002288,28.215524902090056,6.537306557589197,4.754171831078826,8.390864844992477,3.0489099293775563,7.016180605454289,1.2006955560660795,7.38787442368963,9.42025615817177,9.128422224814098,265,494,27,1001,0.4354337638111616,316
2017,5,1363917.2910000000,74653.00000,37.48102510434569,81.08199845936656,1500,721,1465,64,15.678000559299425,19.42930408038613,4.416778471745482,12.379504299380882,8.926609558010385,3.3525920366401665,7.203761371692114,1.9480563334627303,7.580133982921175,9.363034107642983,9.710212715213142,754,855,62,1235,0.41008749077876866,726
2017,6,1415456.7160000000,65405.00000,51.766853682860805,123.83301891579997,1386,733,1294,65,13.275954224553761,32.84141297682792,3.240048282342363,7.076216758495961,8.709081737701101,3.2690194456326522,7.082235064736888,1.4698501404586444,7.778411638179181,9.273359506710246,9.471160297845367,860,617,52,1052,0.43146776917091617,765
2017,7,1313916.3050000000,68719.00000,41.651556942171304,61.70297323649755,1385,820,1311,66,18.22893604985239,39.00614984814594,3.901214802754984,5.174227155261293,8.34680677525509,2.846300802605338,6.868465817630908,1.3126573359521052,8.280713207351205,9.133065214218876,9.602303508585663,743,475,36,1423,0.4160453049973195,678
2017,8,2017174.4610000000,111118.00000,37.91740223765432,40.00172296141975,1578,1342,2298,67,25.94290325295083,37.339540808568096,4.19110882891666,12.99171302696341,8.452988794609478,3.0639246658475927,6.673421434935442,0.9739935203595345,8.939442869948499,8.910792454494851,10.485915390593068,1032,1163,37,2691,0.4291443437400146,1250
2017,9,996758.7530000000,87749.00000,35.41757326164875,11.925708959139785,1229,884,1555,68,51.758731707803285,58.76117481699773,4.402997984854936,8.06122464333489,8.363792305729405,2.9475186735517442,6.760511159184618,0.9933417553922251,8.039379156844948,8.716767243784034,9.81903386763145,542,599,50,1367,0.41613489688214506,653
2017,10,867573.5155000000,55979.00000,30.990438805799748,19.52864252426076,1246,892,1592,69,11.122315492446363,15.11931583037058,4.986524289532352,10.146925850587387,8.389955296938783,2.898427761164946,6.7473291825459,0.9179435274354848,7.634339358840629,8.678037720317255,9.816458436612042,678,601,33,1517,0.41542310047229897,762
2017,11,538116.3005000000,44626.00000,21.955463209876545,15.480725925925926,1171,768,1270,70,45.65268208273684,23.454679775314077,6.8518114443690274,12.456838124229128,8.243048405662536,3.0217870910598403,6.7053026879795485,0.61339139817034,7.596410512048109,8.891165033058524,9.393251465750017,222,508,28,1093,0.4416899045842823,470
2017,12,340340.1930000000,31153.00000,26.94235927851804,5.8130744231394225,893,493,804,71,8.14989004214369,11.807164642249175,5.6394973600298774,16.59699941119749,8.673369982840773,3.260798340920501,7.115518712164292,0.8610697190497348,7.082166225651422,8.96229450338307,8.729130729671486,171,316,25,375,0.41827314326021386,256
2018,1,684178.8550000000,40810.00000,24.707075663399472,5.897499352139612,1114,644,990,72,29.918855472186284,17.61935172430276,6.073213951901688,23.008740096164193,8.206360711690968,3.174683392156279,6.7372954984856435,0.7960300616004041,7.74437259684409,8.941272032616897,9.178715888426806,211,430,26,876,0.4068379645158295,262
2018,2,561681.1075000000,43248.00000,21.32403,11.216893769911504,1274,707,1129,73,46.21257273971691,16.150459734630086,6.738015302939183,15.939670908235488,8.010943413259398,2.8114980038621518,6.652497354338395,1.5939477635834374,7.783369123480788,8.83110021882203,9.46992857343793,226,454,29,1365,0.45306975643828923,320
2018,3,690300.6110000000,53765.00000,21.35519040961834,18.369735618621558,1450,740,1235,74,55.79324885169536,27.12769585978047,6.845960343950261,7.212223639405218,8.178352620121203,2.849262149070708,6.721416659843967,1.5393211927972048,7.8013938580015765,9.022301449021946,9.511979648020167,274,536,46,1488,0.394689142196279,385
2018,4,1339320.0965000000,56254.00000,30.258405380102356,90.1935888053926,1488,793,1465,75,29.71579090053412,24.185434852618215,4.970823693463571,29.805465775139886,8.386988174796175,2.96722751984014,6.813474922710311,1.8281813073684872,7.816373169032108,9.062413084703639,9.626052062558689,459,600,55,1542,0.4817572687915619,558
2018,5,1232128.4880000000,92419.00000,30.045580726919756,40.657149468291635,1617,853,1642,76,16.623032635005323,47.50615362588061,5.2260942695064925,8.532254194414332,8.444497673227787,3.1283598026491646,6.768719136635109,1.4312394983275003,8.302727049744062,9.3287025089783,9.802487320666955,548,860,52,2046,0.4153145370111686,706
2018,6,1280542.8420000000,96266.00000,38.009136264441594,16.288821566110396,1397,721,1365,77,14.6580836805529,29.09918176594421,4.146132061601042,14.825822907735681,8.55077360885289,3.126970988760667,6.936340395808816,1.1257792237831499,8.03277408732137,9.066290628282314,9.584807626808717,635,702,57,1447,0.40907928146962746,720
2018,7,1729227.2255000000,78306.00000,56.73154106498195,75.83837092847473,1536,934,1729,78,7.6761316953163545,16.951361391970583,3.016763668107116,4.986497624797441,8.31331213761236,3.100952049615705,6.740295439893047,1.7417519947259972,8.327096488530191,9.00806124881506,10.070896882147133,1349,750,127,1992,0.3790380678653492,1036
2018,8,2416807.7450000000,104302.00000,62.88059986026013,60.2957465075782,1440,1118,1960,79,21.832649312713613,44.52805863782583,2.7310972405963416,20.318305513194133,8.555552310403268,3.1545282054666117,6.733980936417237,2.19259882300847,8.852584434981233,8.859843610987602,10.218980955889753,1493,841,120,1908,0.41529240024348907,969
2018,9,1382970.0135000000,93186.00000,39.53088885471137,34.08970363682969,1497,1222,2166,80,19.13902467864914,46.19804468104637,4.123685226247809,7.185047943660417,8.364496290530353,3.0856378357185474,6.643961705730378,1.6695411414920707,8.895649102439995,8.858780752252986,10.231088943441774,797,887,89,2186,0.4124660274505554,1051
2018,10,984933.6160000000,70744.00000,33.37450024216007,26.1253432061993,1348,965,1798,81,11.146601003198485,20.215282863592787,4.581275101967407,7.946826966232306,8.37415193496949,3.1136078473467244,6.699028756067689,1.6566487603664308,8.07908411788735,8.906014814940308,9.732555981273578,594,740,102,1623,0.4525444924782943,794
2018,11,600938.9845000000,81537.00000,26.766860745614036,9.906108391148324,1157,604,1057,82,30.84580998973673,20.44843993580548,5.801281486567629,9.237805597762799,8.14589519120449,3.4395039987459595,6.636772896704761,1.187595277465894,7.685555579719523,8.813685291703443,8.991502976848944,254,604,38,977,0.420459906989445,462
2018,12,329998.0060000000,40302.00000,24.648243314335815,20.291547553704515,772,328,493,83,37.26175615473608,36.97293569359084,6.128249782767706,10.113768445976017,8.115932989601053,3.261632847153498,6.779157849788338,1.505036294102567,7.341386967479206,8.57547543118524,8.124628322900298,112,258,13,486,0.41358303536219726,160
2019,1,716385.2875000000,44389.00000,30.75953008108815,18.722759605022237,1051,597,960,84,59.52277561799691,32.22574143506916,5.109734361830606,16.88832843477673,8.583116947060159,3.3296415097716756,7.336533154030773,1.20875321486111,7.993569776572804,8.963770241800272,9.19446992194069,274,435,43,863,0.3737588634009773,312
2019,2,496606.6835000000,39085.00000,23.373835801700892,16.72671021572288,1195,575,973,85,13.562456213345751,15.436049910930402,6.3926913775995065,11.16109810677449,8.031609833482307,3.135503716595839,6.722117177692532,2.004203051385294,7.9150751847314655,8.906207612677681,9.076487208063401,233,472,64,1148,0.3733197442720935,304
2019,3,816767.6495000000,54149.00000,33.27043291159013,30.18745857388316,1326,636,1100,86,27.226850956663892,22.285444165365412,4.627566766149762,12.040507727622966,8.165693897206477,3.1199737581725935,6.764566261645777,1.443767112920746,7.946563699237955,9.077554177788087,9.219786547576245,515,596,113,1365,0.39679838676275025,434
2019,4,971785.9580000000,63798.00000,36.051871379821954,37.4501690727003,1334,693,1168,87,13.655011675292792,42.57465589703309,4.258903315424145,6.572715007116479,8.43554710288992,3.2067200888660095,6.8875000275967935,1.7940062996026973,8.078635922878735,9.107844181918324,9.357033883802266,625,699,160,1473,0.3912991224841772,395
2019,5,1493291.3575000000,81397.00000,53.17733122051887,37.4619147995283,1275,670,1433,88,23.04563569340667,20.389958888151014,3.0602534277811184,7.10539070476758,8.763976377633085,3.3863254538443814,7.129854203971275,1.5641905280956712,7.719229768626875,8.983595604956982,9.63146480489276,982,805,373,1463,0.35777953539762886,605
2019,6,1604331.4440000000,93141.00000,44.52832398130568,77.0368010573974,1291,596,1252,89,25.237395453460827,42.52064050629715,3.6886261713412205,3.9644853018550092,8.629959948009176,3.5923578509443255,7.047416146046605,2.2674766131334945,7.422530851774248,9.218200691346123,9.109062231438209,768,831,232,1110,0.42854854771988,530
2019,7,2317264.9075000000,127118.00000,51.56672305871643,28.50268547928994,1473,1037,2035,90,69.23903406719445,27.802092629930016,3.272785649768662,19.487706171305476,8.660527745706482,3.1338907734302475,6.912731110773749,1.4834409028835074,8.740509125604751,8.931274125851438,10.236300487643607,1431,957,268,2061,0.43223218317542605,1041
2019,8,2102687.3205000000,109306.00000,60.69499129376521,51.53843941115896,1330,1048,2062,91,17.608492226894658,53.69989192139985,2.849277870247527,10.388254380426952,8.617820513662615,3.224127305639767,6.888747978491816,1.546666967347945,8.158035771715651,8.703088439704564,10.158005462846468,1625,1025,380,1801,0.46836671876452324,1132
2019,9,1012615.1655000000,66895.00000,41.390970925580156,15.975902902107228,1145,865,1549,92,26.49656530454023,28.903939109398426,3.860818881988062,20.1922369915054,8.490031594811505,3.109642599358557,6.900435048066463,1.4656377911482448,7.892419513056032,8.584357338865043,9.695939088955214,751,597,133,1374,0.4814412216185152,788
2019,10,1231415.9315000000,114770.00000,25.729471717447737,397.2955294042902,989,716,1396,93,70.55718831113042,21.697177423777177,5.742338077201524,2.203017727595437,8.656366883166605,3.7573959000379156,6.7256837544137875,2.068008655207567,6.980771422375845,8.401843485268797,9.393505683492462,380,1106,59,1242,0.43947164714881887,654
2019,11,859371.5120000000,42477.00000,62.64754808607885,10.424361062654732,938,475,974,94,16.49882363283206,52.29250137345884,2.124756826920748,5.713910784623762,8.455350443300851,3.025444112814406,6.859771771104952,1.3146662156945692,6.133162501376769,8.279634393328777,8.89204915463272,1155,376,666,753,0.4302308331230982,250
2019,12,663907.4900000000,38113.00000,33.05230255070683,25.933650875845114,813,347,557,95,13.897378581745683,45.88412576783056,4.62365886309911,7.49087825428007,8.85177691194918,3.6577461791359127,7.142145237503708,1.097956538472686,6.574047906435383,8.712489759671078,8.024985428137153,231,387,42,511,0.4320962940260951,252
2020,1,570585.8040000000,39972.00000,29.19203414434676,6.620770793293805,1211,646,1026,96,26.744426073311743,21.806604659883014,5.448076534421685,9.082219309642083,8.040878927070214,3.10749264183696,6.670367152913936,1.343808377384018,7.888764458532669,9.015335971466076,9.188688845031894,333,457,189,1069,0.4176753629935292,232
2020,2,829225.8990000000,43355.00000,36.21415374625375,16.152907002997,1169,524,951,97,61.084274830407196,30.09989541668455,4.707214233696776,8.462927187183256,8.232207357909989,3.1176444493950535,6.79054205066124,1.0384635555833446,7.432398884804195,8.879497226041021,8.963965882809662,391,478,119,1049,0.3781602446436206,341
2020,3,518608.0085000000,36617.00000,23.23002610050643,15.822798934553953,1237,428,734,98,28.075044067250538,42.083372495983056,6.056132801576931,14.19041189888056,7.960314691722272,2.8425163067220893,6.7217538472327965,1.6157814103981687,7.288125863046507,9.191794529762738,8.571840830924161,263,429,93,1056,0.4392359686976967,267
2020,4,579622.5705000000,51659.00000,15.631546070259006,49.60956087228342,1253,539,916,99,27.80634750784516,52.39541552613788,7.76294097575413,8.188271254335117,6.1293739325162715,1.9881809029853594,5.335210362527311,2.184410045616601,7.9479096104090114,9.010879958620698,8.791045509969477,215,299,51,1763,0.3950492515537721,196
2020,5,1065246.7435000000,60028.00000,29.024851341140913,43.45709279939554,1120,578,899,100,57.68204180132859,25.513877138900277,5.549503239373407,17.76870428538475,7.443213624213153,2.900620679728751,6.273892455640058,1.3929909963723164,7.771371073092917,9.000636651302289,8.881715009613307,306,444,86,1114,0.4617611481017888,244
2020,6,1108320.4195000000,59979.00000,38.44495858667748,38.71811776922037,1224,675,1109,101,21.373982023989885,31.541941689574486,4.233625724888148,9.73459457203426,8.087788859979494,2.924667409135464,6.669568360069292,2.002458696594878,8.017293502108672,9.136221181415223,9.21794655085593,686,564,82,1364,0.4755516780953761,538
2020,7,1859999.6700000000,172960.00000,70.23217462311558,53.70681788944724,1126,684,1419,102,46.53198548231897,39.042035487274106,2.987484624406462,9.703368031001727,8.271459381982574,3.263225939424474,6.702190882036459,1.1676434171992083,7.824965870052711,8.687027604373693,9.766374795199457,1309,654,488,1090,0.4320452300881524,794
2020,8,2313065.8995000000,136781.00000,48.498598981156874,46.44530015446976,1204,1067,2048,103,36.78615597247837,25.51635329341036,3.969079832852936,37.81673370736091,8.265550974323673,3.2843160529203312,6.682421805821672,1.4796613947318602,8.388920361003585,8.798994606239914,10.237457846226901,1359,1040,813,1472,0.47001815730597124,702
2020,9,1815673.2305000000,184941.00000,28.567590013742556,8.177036185295464,1062,1057,2197,104,34.024731070703474,33.08479686599832,5.11643483202855,25.580290383106774,9.066199334890374,4.300153113335151,6.952146547720481,1.218861505971528,7.745663887259969,8.625677522759048,10.414426753468902,657,2296,328,1290,0.4350675133702737,537
2020,10,1655335.5345000000,296215.00000,20.285193121400088,3.92658946832078,1069,851,2021,105,39.28374913378121,15.731705280023041,6.101711212960546,10.88360665853247,9.830698321270592,5.178257454159623,6.812825779445861,0.7712724712767489,6.124968593500282,8.020837288482088,10.447225596576478,479,3909,288,1238,0.421673602956288,588
2020,11,745993.9965000000,95669.00000,20.95405738599171,6.51606586515383,982,681,1161,106,40.95968949702225,54.6067625649485,7.0244617893387815,23.420220529154914,7.402895259299964,3.015663222765019,6.082916666826557,1.0833981239984563,8.251816505505913,8.724239225105798,9.354524081841285,172,470,124,967,0.41255114174508567,209
2020,12,305399.5250000000,26725.00000,26.576748623464635,6.074942782719186,746,365,619,107,28.940990683935894,15.966435882929245,10.256463969020912,15.554863824185826,7.382064022617021,2.862262657667723,6.372287850290064,0.9321966486342594,7.121392913821438,8.591088886314527,8.450453175232317,148,213,86,419,0.4962703249467955,124
2021,1,1175108.9270000000,84342.00000,42.96964629282027,21.052332219615202,941,671,1277,108,34.71824591732092,16.7430376271946,64.4636519315919,10.526693825290963,8.378668678836835,3.5926040826396433,6.737590017936908,1.2360198690598811,7.8981851730454276,8.841531282093413,9.418841773401443,354,586,198,761,0.3663571372864473,218
2021,2,660771.5670000000,73963.00000,33.62538221985627,5.556276236358797,961,497,948,109,42.89514846263306,14.12406812690313,4.510315906284302,8.795540242935775,7.885612527266121,3.1657642047337426,6.630242249751028,1.093415485123065,7.805821752271222,8.853893998866473,9.112112537475532,350,415,115,798,0.3925204717311447,226
2021,3,833651.4555000000,88818.00000,21.686608649225843,9.986271534080798,1094,697,1418,110,24.601573591444417,22.83776460738405,6.79077997093101,11.427837117672293,8.13032062873009,3.5900344412056113,6.562918727203494,1.1381730217876176,8.112383051000604,8.972473200057108,9.633493714924043,243,834,79,1112,0.37522509837994433,280
2021,4,1443848.9520000000,77359.00000,49.829254116920545,22.403256484149857,1104,640,1287,111,21.55152579346203,11.187594059854,3.4339391243884037,11.422004328661053,8.427630497452533,3.67681475472196,6.79304880389585,0.941167371362134,8.021577781248354,8.953611809066961,9.50657556345623,640,726,112,884,0.40001872682387524,398
2021,5,1883073.7100000000,109363.00000,41.318550580270795,123.90325724564798,1098,590,1183,112,12.822728843578878,32.06565818332535,4.266590669225895,9.415661761321914,8.524399497330867,3.8889546175468004,6.7996945363272125,1.0560105160802298,7.907744677263283,9.041168731605906,9.388921430693669,520,915,122,883,0.41244955347949036,407
2021,6,1985548.4270000000,124470.00000,45.95721292598509,126.22500131256655,1200,743,1575,113,21.083479706815886,19.968562244747528,4.433300572811715,5.81510544141219,8.742096018772136,3.7732191487955364,6.892492559141112,1.158252191517112,7.834751904652458,9.154779611824019,9.725718015371466,976,1108,345,1178,0.4503976025102883,509
2021,7,1690999.2955000000,78529.00000,76.76089909509989,24.779457003585453,1055,697,1475,114,20.968193989904616,31.181751707734534,3.080747509011844,10.632854242862088,8.26531740854322,3.09206803939207,6.734855910249035,0.6741667640900406,7.495548472111914,8.814351578896646,9.795172728918057,1476,512,619,1056,0.37110712584649436,544
2021,8,1785810.4635000000,79648.00000,67.431200389948,87.26372833188908,940,696,1433,115,11.121524287276932,27.159787751653425,3.0229427569731966,6.967591784068121,8.6630467323093,3.4421561545361157,7.062787288445763,1.0431783558554117,7.476756955644532,8.806819920110586,9.860986414026868,961,582,542,712,0.46234289384420146,228
2021,9,1892926.1890000000,67066.00000,76.3129432951607,26.1152401052826,1003,735,1699,116,17.130056870719383,46.622288528843264,2.893263337502014,20.153802594558574,8.36878265508944,3.3339416823458063,6.686808724732114,0.9728051020390293,7.629378333130569,8.713766150217163,10.032444619254687,1167,513,400,860,0.40223673188748993,400
2021,10,2231464.4530000000,51314.00000,113.41598981947942,32.367701511335014,837,890,2035,117,12.189286271176266,12.726878877119995,1.6372924752066271,17.352351561481385,8.399054750098323,3.422556208306075,6.716733925204928,0.7921112570771015,8.52436535742022,8.235205857861692,10.39975202374944,1394,526,180,523,0.45764795351540866,1001
2021,11,1428965.1990000000,102844.00000,49.38531280991736,6.507059504132231,903,1046,2251,118,30.980402843328456,36.66803192773883,3.6651613421525284,36.02495922447377,8.437689488996059,3.580644589794027,6.467550341928748,0.5544757442072252,8.617508295708674,8.20818470054693,10.49878669118029,796,803,97,695,0.39793280879586695,697
2021,12,1999642.4510000000,86830.00000,98.70329712301587,11.91579365079365,827,661,1425,119,21.18648640808087,44.62684835682681,2.202948340909878,33.19416812728728,8.505748490766365,3.449938671560804,6.772061424546383,0.3739879512336543,7.2828610328357,8.305997771383229,9.787671402183854,1213,452,419,387,0.3871245333412054,451
2022,1,1161397.0130000000,60340.00000,57.59819766497462,7.811981717766498,943,849,1612,120,30.013819430611164,11.844829333194935,3.13882096994614,46.23832274240475,8.876412550048336,3.7741840137868357,7.082927361659654,0.4729654800029069,8.1636118106295,8.724018702855439,9.912016027665409,710,695,81,563,0.46107777685369145,469
2022,2,1122427.7495000000,49792.00000,52.473650568933586,3.9219952368351416,957,594,1081,121,27.70694429755806,29.19859300290445,12.992448131499456,32.236844364971994,8.099725569617275,3.1963486689885157,6.738103371675676,0.7011843033964794,7.631664505211262,8.79820645013951,9.33215986361977,495,394,73,773,0.43504239919840226,229
2022,3,1820199.6325000000,51879.00000,68.34575127801808,21.5578627467558,1052,581,1302,122,32.697281595474045,21.981407673741764,2.9372957513841405,16.937023630456395,8.689359745748744,3.4511433148394266,7.160994790333632,0.9805330486528763,7.325198276347441,8.899482936911564,9.467970574072677,972,569,216,813,0.3802027154927851,407
2022,4,2346173.9505000000,88364.00000,61.8821902745098,23.47775529098039,1116,612,1313,123,56.84579346483487,33.45422910563139,3.2270059243468503,9.680266744372013,8.86293334025901,3.6710556620997297,7.150553437303564,0.8140445519219217,7.658371036630896,9.123321682425193,9.608465692452967,1125,883,185,1120,0.43511868356187,367
2022,5,2424522.8150000000,115680.00000,88.28052633632463,8.165136548966055,1098,557,1333,124,36.738241377926826,46.2005332030238,3.5495704275199205,25.036671873065963,8.607337970236854,3.572050378896602,7.094603343482043,0.45342367984338716,7.591058987778194,9.10556810163974,9.655501602939523,1195,603,454,829,0.41215514371704615,295
2022,6,3079908.9515000000,104110.00000,100.78711223172503,4.350224287558496,1126,581,1437,125,16.199047400078634,27.89984422971981,2.262662053966541,14.489669218353274,8.763353294721027,3.684729245848148,6.986843588462427,0.3447484585153448,7.585699116787604,9.162562660425937,9.56142916334309,1504,763,326,726,0.4384511127128948,532
2022,7,4468351.1205000000,84873.00000,124.69036130439909,27.630840901049652,1149,828,2014,126,13.993059921890104,44.350104790744055,1.7449885522316784,8.809050078849525,8.737531911487068,3.3994659063123853,6.867695123146576,0.5307591708457609,7.995413456542385,8.963328463376351,10.233783490363704,2488,769,419,928,0.43961792681324796,508
2022,8,5628147.4010000000,83214.00000,177.19666997186116,23.2295859547099,1007,757,2542,127,17.820283825753865,37.92189412833303,1.2192492374729849,28.970905001484955,8.565716074945762,3.351061943815787,6.7824560732774675,0.6454084690855302,6.728707785647502,8.461505769560114,10.758606013415006,3336,682,1044,728,0.49749462535024536,895
2022,9,2418422.3712000000,90580.00000,75.04512539307245,3.1290578082515665,1073,1003,2590,128,16.219608501277396,21.447606753106065,2.7630650944331445,64.57274674698891,8.999856587898933,3.7025542664177964,6.964646523090708,0.3554351269640675,7.761576646500826,8.758418606915729,10.506344305175936,1699,1012,451,732,0.4942021548754816,682
2022,10,2960795.6575000000,79971.00000,91.12417268757444,4.108130210400953,1051,1022,2696,129,41.44194766781154,56.72593614924305,3.702175872521247,15.717147104612204,8.499821677264958,3.538519736760081,6.48707555905089,0.42033914007391376,7.927473476208179,8.461020769113116,10.675134382573455,1661,667,556,568,0.48309874429423594,701
2022,11,1339542.2185000000,46628.00000,62.47700528789659,3.546512338425382,833,628,1373,130,23.622592396388242,17.54114681937336,3.2751529846579,15.877435064659585,7.677136511332615,3.555292946893205,6.096490693833869,0.3080241064373621,7.195944233509044,8.418879831520353,9.41279812058315,666,424,195,608,0.4972817686779153,245
2022,12,724931.2100000000,46563.00000,36.91411794871795,33.201430022792024,717,500,974,131,37.82902468190554,50.25345470185757,4.797207974896369,10.450035773968004,7.154035318083466,3.7932061837568916,5.698295845938302,1.0253537545772702,7.358997421162735,7.948958367233124,9.196344959195876,315,454,131,473,0.436023885612744,220
2023,1,1266221.4150000000,54386.00000,64.97392071269488,19.030126933184853,874,586,1343,132,22.182685859526877,42.02576273883267,3.158147467676076,23.7246163746335,8.905258311456775,3.705505693567392,7.033056679341839,1.012324028477589,6.79713900383279,8.575368412887226,9.435392603097654,760,559,95,577,0.5273049671165833,344
2023,2,717801.5025000000,110197.00000,51.137769747899156,1.8407030812324932,890,509,863,133,25.040334469893313,31.763019393911797,3.9243382408566223,38.56770109880618,8.094940914466214,3.130798399665921,6.680015062725588,0.3763856112311672,7.410314420710574,8.65596062339105,8.820022187637145,409,340,88,769,0.4813181488836646,188
2023,3,1503076.2325000000,156360.00000,61.058061937143904,1.386671564050726,1018,584,1184,134,9.24756892879481,53.06325854496665,3.291951404518764,32.0564931166104,8.477069493325672,3.4746497501774347,6.946663179720213,0.23211112581073112,7.440345954392445,8.789990349336492,9.347282403248368,832,652,140,990,0.536998242713472,307
2023,4,1279884.0135000000,53546.00000,61.70343654618474,0.3618639262934089,933,446,883,135,20.43231388271445,40.893232859205334,2.9599654953257324,10.135923293532626,8.670595704442125,3.479022687757774,7.149952757991144,0.23705364366368115,7.091904856032102,8.828408571363271,8.930337351838885,713,499,111,810,0.44289904388399454,294
2023,5,3106589.0640000000,236503.00000,106.44321784758417,35.682080550781805,1013,469,1373,136,11.45227451514471,63.81198924200463,1.5397103855738001,25.02546411589294,8.945212899378049,3.6551406777339146,7.02983536994845,0.4418622498480541,5.9509678057224225,8.347048809408433,9.713554427321894,2314,785,381,804,0.5461888955070328,1322
2023,6,3411414.7590000000,79326.00000,82.24925516739448,27.610998499272196,1005,477,1255,137,18.83783203567141,56.27514395186283,2.17145912341682,11.495544931860435,8.891903940658363,3.4655877493064198,7.1476985221870555,0.6986965152015777,6.555206418920148,8.706221141862384,9.547209671762436,1670,710,529,856,0.4787989689246675,433
2023,7,4086027.0910000000,97095.00000,126.78323594198933,4.75600628540156,862,553,1449,138,24.919697734878234,53.35078387136916,1.361974421957476,23.502580326650076,8.851084919448171,3.29472938669844,6.911866230094386,0.4264349981534763,6.463458076340995,8.056461679243217,9.915918586495863,2946,504,980,845,0.5386459607245303,444
2023,8,2673876.6565000000,186964.00000,87.7053292562392,9.91356683716333,980,844,1736,139,12.88088665216475,53.69931205447925,2.0748811296480527,14.258796499078771,8.87064521872815,3.4166277347085336,6.94626340496755,0.7950580076215403,7.5182544749259685,8.442948979740109,9.981046393645903,2089,765,750,1214,0.5259273490547934,498
2023,9,1621333.1140000000,56516.00000,75.24749531044833,14.539309694241231,933,613,1143,140,14.822980372800588,45.77672743946171,65.94546085241512,10.046047974898901,8.744466245902501,3.4019297051688233,6.901509664233657,0.5188361087271453,7.243368306781161,8.86439703803814,9.012692924778754,920,519,133,650,0.5135338894960397,403
2023,10,993968.1340000000,84500.00000,52.090218988902585,0.6200197287299629,809,569,1030,141,45.81468662124938,52.66974809871979,23.124829186618665,58.69920197637261,8.866558991838117,3.444078775966078,7.107418303761241,0.2612777687245026,6.875501037377209,8.899640332231998,8.7692154489086,534,438,105,390,0.4864690802165613,251
2023,11,1274654.7955000000,38631.00000,112.38130549585509,111.94125256677924,746,445,818,142,13.735148065337457,20.48992413344505,1.7841424449356733,13.565534529001427,8.76423180833755,3.6391110347062683,6.957693237836663,2.0028099281317564,6.448066356260085,8.416584501399585,8.836387375634041,764,404,61,350,0.5153993291154436,696
2023,12,199235.2040000000,14162.00000,46.14184271217712,1.2141420664206644,503,222,332,143,12.212139783591237,10.266325851813495,3.826318180604872,9.784275998531326,8.1129960883688,3.5464255310266957,7.009585401328592,0.2575404345804483,6.008764759550266,8.504571084867951,7.481091937455685,127,162,41,121,0.4195893351295503,67
2024,1,1158005.1645000000,128633.00000,37.12219401489118,2.1878436340206187,995,403,750,144,54.438328913004824,42.36965101127268,4.573961607600075,8.593300610965619,8.945196234527748,3.890694407840604,7.352819149638663,0.3127140039424818,6.358598790689473,9.062836031059241,8.453749533096694,314,567,55,318,0.5053742842351778,214
2024,2,722136.6110000000,40591.00000,56.96627703627652,4.422590691307324,716,335,634,145,17.668332009634607,20.2723453411844,3.0018362229209665,7.6839330759196,8.758957000261287,3.4662445309696808,7.160469721352074,0.23631379661913163,5.719993468230538,8.643804238650402,8.271492099702106,450,354,50,307,0.545341493169784,145
2024,3,920515.4430000000,112185.00000,46.41782434685936,0.06936075597554196,797,381,757,146,7.960704932785712,59.593203849323956,3.7779498779172496,27.74360667484338,9.019373651047655,3.6493097760831152,7.252524939218249,0.050691469470460444,6.080302378180251,8.741754742031544,8.583172697269648,441,481,37,415,0.5195920599378935,193
2024,4,1507094.0820000000,65667.00000,64.19730288784419,105.144067606895,903,455,1055,147,12.51700328815006,34.41165090756638,2.7577916684736805,9.51438788673383,8.711387512213948,3.6600644680350545,7.096863828769669,0.5979714849691098,6.768759474011086,8.77124578248969,9.204148737286287,809,612,61,727,0.4513382133230414,269
2024,5,1431096.6925000000,70107.00000,65.18693959205021,3.9868305421896792,817,402,1147,148,19.721038892690324,35.15628532391163,2.73797446996866,65.00910875949414,8.50368504729327,3.4425508171215475,6.73275603107604,0.2052162931971575,5.726461746372364,8.362623191928684,9.465641085805379,977,682,37,818,0.533969498073162,307
2024,6,1830786.7070000000,93092.00000,120.95638118698442,3.9649747937671864,713,324,1164,149,10.711551424817433,45.30149576438942,1.388915890554395,19.872420276729443,8.333663972062386,3.1481544731750395,6.820270761517335,0.35666767360805557,6.034383123073695,8.084538968400985,9.483714533943646,1566,366,117,634,0.5616583203584985,239
2024,7,3196001.0510000000,228570.00000,116.12065228426395,41.859439235037186,821,522,1620,150,19.007663450496967,48.55984217808638,1.4977571014377353,8.551137096117394,9.088953902681508,3.428013086635168,6.979535952842222,0.8156126018458291,6.0295547917469525,8.296750436906871,9.824107960073007,2710,777,452,868,0.5384873134502471,455
2024,8,2318112.3700000000,88373.00000,105.3691127860027,30.28694748452221,827,537,1690,151,13.393143326983898,32.37648394361403,1.6497849240998543,9.0100802394529,8.601775463220115,3.260136104576475,6.81785846772432,0.77549517526195,6.218889975870957,8.245555581906451,10.036121354758215,2071,653,250,1064,0.46696325296496916,370
2024,9,89572.2000000000,4588.00000,38.113614285714284,6.673814285714286,290,116,195,152,5.629350618914144,12.316558313775841,4.595308267583836,10.670835986441567,7.178116879682524,2.742338770568457,6.00972471116341,0.2621616082634921,5.448147509279824,7.44290233384924,6.79598717074178,57,46,3,133,0.3724379205872667,42
